id;date_got;oper_id;region_id;client_id;issuecategory_id;techcategory_id;master_id;address;time_come;partner_id;status;by_guarantee;is_okay;commentario;matcher_id;date_return;coeff_master;sum_preray;sum_final;sum_master;sum_dirty;sum_matcher;sum_cash;photos
13817.0;19730731000000;347.0;1.0;2516.0;4.0;1.0;6.0;NjM5IEVtZXJhbGQgU3RyZWV0;bA==;2.0;dGxicGZzZXlwcXNPZHJxeHZkYWd0QmR3ZWdja2NxamFuYmJyaWhqbXRzZXhza3JqbXRWVmRvZmp5anJoZmd4bXRvaHh5Z1ZtbXdqdXZvemxvcXl5aGlwc3pxaGJhcWhndnNlYml5dGFiam5zY3FzamhpZHdhY29pcWZJemh5aWN6cndIaGpqZmZ5WE5peXNvdmtldnRvdGlvcUprb3VXeGtnc1RmYXVyeWJ1bm5GZnR0bGRtaGRtYXNnYXh2enNrb3NzZGl2aGljbmJqZGFoZG9nenpwaGtycGxtbGRmcFpqc3BidWR5emtycnZvZXZlc3llemZ3aHdhaXdvb2FwZHRmcXJpbmt5dHR5ZHNTY2l5a2x3a2d3dHhzaXhueVNRcWpoanZtcm91enlycXVvYXlGdWlnaWFya3JyZXdhdnByZ3lKZmduaXZlaWRmZnlvd25qZXRsZHNlZmlzZ29ua3p2Z2drSXZ5aWVlc2luamxneG1hb0NqcXV1aHlvbGt3cmtzZ3N1elhidm9kdmdkbnh5SWdrZXJ6cXhodGRqSWJmbmVkeEN1dHNydnZxZ2V4dVVhYXVwd2lna2J4bmlzeGhuZ2xibnpmeWJxYWt4dHB4YmJkeWJqY2puZm54cm5lem1zZ2ZCZnl0aW52Y2t0bmlxYXRrZXVkem9iY2d0elBhYXZyZWlBZHlrZHJjd29VZWVzdGRuZGpsemFkZG1kZnd3TWVteWtxd2J3cFh5aHV0dmdlY3VvbnZ1YU9hdnZmamVjZ2dvaHBhamdvbndhdXZtcmdLZmRzcml5bm94emxlZ2hqcmFnaXFlc2twYWV0ZXFwTHRuQ292aGhndGl0YWlqYmFzYWlydW93YXF4cnV0ZGNDcU52aVF3Z2pIanRmcmRkZGN5ZWh5ZGtQeFhvdmdqbXBsdGFqcHNldWtpbmd0bHV6d2J3cW1ob2Njc3ljbnFsZnV5enFna3dSY2h4ZGViam10enl0ZnVzc2R5a292YXNsdlNjb3Vkd3RnYnp5aGlxanF6ZmtpZm9ranhtaVV3bHpJc3J6c3hrZWVxZ3lmclRmdmFleG5qeXZhSndsYmlaaXh2aWdncGNyaHJwZmJ6c3BrdnpjeGtqbmVhbWNmdHp0Ynl1eWJxeXRncWl1bWJ1WmNydGdvam96em1yZHFjbWF5ZGFpa2VzcVJpc2JoamRadmprYW5scHNZd3R3eHZhdm5sYmtkaXdiamdxZW1pYW9kanVBb2d6dWVuZW5tZ3B1YmxFemlrendpZWl6c3p0Z3dnd2p0a3llVXhtZGJmbWlncHhnanBoeWZvbml1Y2RvbnJnZWlpYnZEcW9qaG1jZGdmb2lnZHhubmxzdEVjd2R0dG92dGN3aXlxcm5ja3VyenZlaGp4a2tiYm1ueWNReXJ5ZHpYcWhtd2RwaGhmcHRiYnZhc2prcmRpeGVsbXZ4Y2V1YnF2YW1iaGdxem15cXJobWl2Ym11eGtjc2p3ZWdqZmdzcnFrbGxwaHZmendSc3Vva0praXBpdWFyeXZoeWVlcnl0Zmpoc3RjZG90cXl6Ymx2ZHBieHpnZWV3Ynpwd2NtbmF5cERxbmNVcGZ2amFlalpzam1tam5oanZteGJ1eXJ4ampveWx1b2xybnV6ZVdldXVwdnZsdG9ocnp3d3dTemxqYmFhZ29hYnJ6d2phb2Zpam5uc3V0b3d3am1sYW50eWh5cXhpYmR1bW5weHp1aGdtaWFsdW5jemtwaHl0YmZtcmdybHV0dnZ1Y21mY3VVandtbWR2dmJqYmZld3hnZnV6Z3lpdmxyc3Z0eWFuZmN3cHRkdnJ2YXRqdHFzY3lta211aHJRaWNucG9hbG5ZZ2V5ZGtjd3hpYnFjZHFqb2hqd3doY290eFVvcmtlY2FueGxvbnZ6YW1odGxnYWxkcG1iZWpsdmV1ZHZmd2J3dm5vcHdiYnd1ZHRzc2FzanNhdmVudWtmbXByYWFpZ3RqdGNucnBkbXlrZGJwbmxiY3JsZXhoUGJ2dWNkeHNiZmRha3VuYmZhcWJtd3NpcHJua3p3cHd6dnd3eXhjeHFiaHJibGxtYnhudXVneWRwdm9waXNvc2NvdWZ0ZXVueGx5dUZnem9mYmlkYkdoc3RxcVBtdGJxemdoclB3cGRBa3pjUWZia2ZjemhxYWJjbWVza2Zzb2d0Zm11ZHRzbGppenZrbXl0eGVwd2R6YWNqbGFmemJkemRqbGp1bWdweWdpeXFlYWh2aXd2d2JqcnR6cHh1dnFyamxnYmRxa2NvaXV1YmN5dWp2Q2htbHRrY2NqdXB5cmtyZGt4d2ZsUW51bnZwcmV3bFZqeHpld3l4ZGNlcHVybGxzZmRkb3phc3RwY09hS2RodmZmT2dzdmF5aGJub3NscmFObXN2ZER5eHlIaW1PaWF6ZXlqV3hkemt4d3pwc25ja3lxcnhra2Vpa29XUHp3cWhhZWlad0xvaWliZnZ5d3V5em5lZ2NlYnp1emFtbW56Z2ZxdWVpemp5SmF2ZXZxYmNrZm5neXZ6bW10YW1taWdFeXpjdW9pYWF6a3dwdWJqYmhwcGdpcWhzZ3FzcXpwYnZubWJjeGlzeHRjaGdrcXBhY3JCYmxmbGR1bmVqZXZVc3VrYWl3emRsbWp5cnltYXNiekZweWVlYlV2anNiZGl3bHh3b3J6dnBidGxqZmh2aWV1b2xicXNxb3Vyb3huY3dkam1pb2N0eHVkY2h5dXpranN5eXZxY2NvYWtlckRjZEpsekV6eXpmdmxjcm1ndGxucGdieHl0ZGRjcXRiZWp6bHpnbmpobXpkbmttZXB1eWh1bnhtcmR6ZmZqdXhyeG96cnRjcXFwZkRicWhjYWxwYkltcWlnemlqZXlkZWp0eWtjZHdPanZwdWxlbGpiYm50Z3ZjemNheG5kYnBhcnVJWWlTeVFxdXlld2VhZmVwaGNzdWJwcG1lbmtkbmNpdnNvb2Fvd295b2tpdGV0YWpzZ2FqanJ5Z2dtZmtkY3lEeHZyZ3luenB1c2NDeHVhZ29vbXp3b29iZnlhb1dubWx3YnR4amFtdmV5bGx5Sm51emtmdWh5enhlZWducnJDZWNmdmpweHBoaGRvZHJwYmt4aG11amJ3VXp4dnFueWNxbGRleHN4ZWZmcWt4bnNwZ2dubXFSQmlwZmJiaG1hYWxxY3dDam94bHN3d2VidWJxZWhob3RnZmt1cmF2dXV1aG13bG51anFxcGdoYnJ2cG5Ed3pveGFzam9ubUNmY3lqeGp6ZWpqbGp6b2lrbnd1cHRzam1jeGlweGJ3ZGRocmdkbnV0aW9Ed2N3cWN0aG9wd2J1ZHB2YXdzbm9waWRrZ0tpYnBvZnRlc3FueXFkb2NmYnZ6a3Zzc3d4aWNicW5odmhwbXN3dnNob2Z3bG5tYkV1amVibXNiYW5zcWRpZHl2cmxucmZtYXBpZ3hldG9zaWVhYmdzbGtodmJheHVydXNvcGRnZWdqeGJReG5zZ3l2c2tzemZtdHVvb2tuZHdueHJteXlndXRlbnpmZWVHdndvcW96ZW1henZwYWNoaHFrY3F4Y3l2Ym12amNxZ3Jsenhkd3h4ZmR4ZGFxcGJkYmluc2x6c2Z3am1kbnZ0ZXJyanNyZ2JneHVsc3JpZnd2bG15dmlwdm9ydWdxbnVlZ2p5dmh0SGtiZ3h6ZmlucXJpZXVkYmpwaWFta3Fnd0F3bXN2eHpoYnFrcnl4dnNrdHhibGptamdzb25xaGx3cnZKcXZmZ2VJZ3ljZ25scmFrTGhyaXRodGFmbHZvZ3NvdXhybWFncndjdXdnY2dsbWxyemZwdGtkcXJ4c2xwbWp3cmF4dXZoZ3hoYm1nZ2Z2YXV0eWFwcXN5c3dzaXVpYWdkZHFtcFVid3J4eXJzc2J5Z3N5bmFDY3BhdWNnZXRocHFqaGpibG1taHlzeUFscnpwbW11ZGVuZmRqbnNmZ2t3ZG5zcG5xdnhkemNua2draG55dHdyYnBqZW5scXVpd3VoZ3pneXVodGVscU10RmNxYm9lc3BvcWhueHV5bmxpcmFhdWJ1Z2VoemdyaG9yZnR4WG93TmVhUmJuZW5jY2lzcWNicGJiaHJoZHJkY2JzbWpicWl3dXhvZGloYXV1Zm9xZmx4dHZveGthemNscXB6eHFzcGlnYXF0RXZweGVubHdyeXFweUNscW15TmptaUVtcG9tdGhobGFqbXN6c2d5aW9taEltcGV1Z2l4d2lvbnBhR3ZiYW14bGdTeWxmd3FrY3N6c21hdnN1c2trZWpocnZ4aEViZ2xKd3h3Y3hqZHZsYWxkcGd2am5ubmRvcGdmdWtucXNhYWRzY3p1aVVjcGVyek5hbW5HdG5zbXRqbU9wZHVodG9mZHh1Y2xxTmp2cWx4Z2l2bmRjdWJ3bWJneWVnbWZ3bXhwZ3JnbnJpanhvYXJxenNpY3dNaHFxcGF3Ymh5cHRzanhranJkemVyZ3FsenJ6cm9xZW5nY2Fka210ZWxiZnFqZnJrYmppYXpnZG95aGpxcWxyZ2dlU3N3ZW94bW5mRG9qbHZqZmN4b3BuZ3ZlTGpucWhoaWFycXl6eHZvbmN5eHJkcmZpbGR1YmNjYXhkcW5nb29ucHNldGVyd3F2dGNvam9r;false;true;bGdiRm12;18007.0;19580509000000;198131.0;276589.0;165172.0;663444.0;4228.0;347807.0;522681.0;<!NULL!>
186.0;20050329000000;11636.0;1.0;797.0;4.0;3.0;4.0;NjMgUmFuZGFtYXIgQ2lyY2xl;dg==;4.0;aGV4b3h3aXFvaWJsdWd2ZWhweW5tcG93a2ptbWVrd2VqbGF0dnZnbmR0eUNlcmtwb2poaEV5bGxxbWZvSnNvamdvZHdtYm92d0xhdnBxdnBBdWlhZ2dtaG9wZ29ybmxwZGRuZGdrZmF1Y0R5emx2cm5qZHl0ZHNydExoenNvbGVxd0NyeHpRb3BxaHBseHBEZ3JSanZ6enpqZHp3Zmh3dHlwb211am5sUGhoeXpuaGVpZWh0c3NraXBxZG5pbWJkcnV6Zm9kb3htbXJocWRzZnZrYWVHYXdianhpZG5mZmx1dG95cWttdGh0cXRwempvaWh1cGNlbGlycWhsb3V6d3l6c0dwYXJu;false;true;aW0=;17042.0;19680130000000;990872.0;91045.0;826984.0;98257.0;145023.0;910834.0;216368.0;<!NULL!>
23907.0;19660429000000;24224.0;4.0;797.0;4.0;2.0;6.0;OTIgUHVmZmluIFBvaW50IENpcmNsZQ==;YQ==;7.0;aWR0eXNsZGJseHVWcnRpa2JzaHBwa21seGZzZnlmb3doanNtc3FzbVJlYmZtc3JCb29qc2xveHdkbmhmdmhvbW5mdmZoeXF5dFhycXZrcWt6c3NlZXN3aXJnenNrcnBzZ3lheGxtYnZhaWlxaWtVaWZoeE1qend1bWZmaHNvZ3F3YW5IZXV2ZmV3ZXdjeHZoc2JudWlzYnNua3NYbXR5bnpxdGppcW9VeW9wZXlrenJwcGRwaG1tZnplamRvekl4b3JzaGNlZHl4emZtQXJybWRpZXF6cnZvemVubm5YbmZheWx5Y3R2bGl5a21zZ3VjRmFscnZwb25pYWJhaVdLYnNndXVnZGxmcHh2eHByeXhnc2Zza25udnV0TGxieWZjZWxnd2tjcm5ieHJ2aHd3Q293bHh2c2V6dGxvYXJjenB5ZFVpcmxwdm1meGJqd3FjbnlTc0JybWZnd2hmcXVobHZxbWhtaWdzdXdadXVwVWhycm1nZ2FmdHRyZHZ3cXlicnF3Z2Z2aGpmZnRja3dqcG9xcGx6Z3VoeHZ4emF3S29kanl2WWNoc3FxanR6c25ydXNzamZ3anRqdGFkd3NPeWhnYnFsdWtieHZuZXFxcGhxanBldXJ1c2podFhybHVzcGp3bkZpY3Rtd3dsZXd1emlpSGFhYWRtbnNrZ2pWZ2FyeGp2bG5jcWRvYWVzZ2dlZHRjc3hkeWljY2N3aGVjZGZ1UGdnd3l1ZGduUnRkc2F4Y2phZXFtZGd6Znl4eGdoYXh6dmZ3dXBpb2R3YXBwYXN6b2lCcWl6ZmR2a2FmZHVtem5ybmpxem1sd3F6ZHRic1NuY2t1cnRhcWtlcnZ5TWVqcHpxanlrdGVvY3dnYnlxdGx0aWNlc2ZqcmxwbnFtbG14YXloaWR6YnVodWtxcmJuZWZidW5zdmJua3pmUXdocnltd3lzb2RhZldqZGphYnRQamhld3Z6d2JoZXN2c3Zvcmt6d3l4c3J2VnVsdmRwbmNBcW51b3Fmenl1amh2a3N1c2FrY3Vvd01RbEN5a3V3b3dxcnJvaXRkeWR4cnZvbnlwbGRyaW1ubGFscGFuZHJtZWhscHp4aXp1amZSbm5hbndidXFraXFrYW55bXBneW1xb3ZoeXl2Y1Jlb2VlZ1Z4am1Zb29kZ3lvenVia2hZdm5qb2RhY2tnZ3l2bWNvZXhveHJoa3ljc2dybmdqTFB5d2l5dGhlYWxodGVlbmlqcmF0andzbHF2b29zcnZwZXRPZGhocGNyamRjZmV5YXJ6bGx5dG1mbWNpb2p5ZHh0aXRmamlsd0JrUWdrdnpsb2ZuY2l5ZmtiYXdzcnFkYXVpemFhcW1vd3lsY2ttbGpWendxcnVieXNNY3hraWpob2JiYXJueGVidmhvcW1kZHlEenRwbmtodGNnb3pucnFQanV3aWJwaXhndmF6c1Z5a2N1R2VjZ2h4cXJtZmRqZUlxeGV6cWFpQ3dkb3p0d2h3Y2lobmpmd2xqeENzdGxrZ3JVamxuc3R1YnVjc2xyaGRiZGhxd0V4dWZzZWxndmN5cGRkYXNubW1YZ3ZscGdvenhxTGh6enVrd3JzdWdxSmtyanZzbnNqY3h5dm15dnVoZ3drT2VxZnFzdnNqaXhUa2VjZ3Z0eWJVeHV1dmdqc3Z4eGJ5cXFxZHRqeXp5cWZxY2twSmRtcGFXaWdzY2d5ZHhvbHRxamVoZG9jcHR2cW1nc2lxaHlndnplZml2c3RjbWxhdEhuaXppY3F4dXJvYW1yc3Z0YVdlYmthZHdob2dxenFlbnlreGljZXRyZXhtZ3l6dWJyYW15Y2dkaHZ6YWhtbW92Z2Fqb3lybnVoemxubWNteGJud291cXNpem9jb3h5aXhldEpmeWR2eWRxeGV4Z2ZtZGFxbnNjeXFyc3dieHNpbnZoZWZnb3JmdXh0cmlkd3lhdWJxbndnamRxZHZsbmJjbWttZGlUYXhjZ2dkeG1ha21tc21qdGdlb2hub3BuaHhmdGp0amlhb21mbm9rcmZvY2RiZ2hkdHh2b29nbXNycWxpZnB6YXduZHNweGRyeHBydXJkcE1ldmltaXpma3VyZnRqenljbGxkV3h5Q3d2bGhvbWx0Z2NkdWFieWVtdGJxd2J1dFl4d0toandpcnlneG1EcXpjeGprS2drYmpseWh4eWp2Z2FtaXhjd3ZvcnpvZGl5aGpjb3JzaHFmdGN5c21iYXB1dXl3cW1lZGN4cnVwbWthZXZ1dGVzY25DamNseXRvanlldXVyZmxra3F0am5uYnFnYW95YWN4cnhua2x5ZWNuc3lhYWlucGFxdXp4eXRoenpxZ3B6ZmpKaHRkanljZmlQemh5b25jTHhudG5CbXZ0bm9wcGZwanp1Zg==;true;false;ZWF2ZE8=;24224.0;20160805000000;572978.0;631303.0;49657.0;361786.0;733840.0;613014.0;754834.0;<!NULL!>
9073.0;19640405000000;18007.0;2.0;3241.0;4.0;2.0;6.0;MiBZdWtvbiBDaGFybGllIExvb3A=;bg==;3.0;cnJhbFpuY2t4WXhScFduY2dwZ2NydmplZGZzZWl1bnhvb2pwY3Boc2ZlcWxmbnJyamFPYWJndml5dHJkbXp3Z2V1bXp5a3lvbWV5dGNxamlmcWdmZ3Ftc3dqbWV2anp5dnBlaW5pb2R2YnZ0dW9qcGtmeWFjdnNmcHB3YnJNZGh1aGZndWNhbWxwenJnYmZwYnlrY2RraG1ob2xiZ3dvUGppa3FmamtzamFsanp3bWx0YXdvQ2ZMd3dmTHBsVG14SG5ibGVneWh5YXh5bVVkcWxrYXRsU2xpd25pTGtPd2Z3bm9pc29oZG1rdHZva21wZWZ6eXNkZXZma2d1cUFybHhqcnFpaG5xa2F1bWZtamp0em52eWZ0dGJlc216b1VqZWtqaWpyY2FscXVhSXJhZGdnbGhWdnpsdXFxSWVmeHhkaWh2aHhmaHZkYm92dWhoeml5cXh3bGhEZm14ZWNqZnR6dnl1ZmpwbXRicHZ1YW1ieXp6cnF0UG5wYmFXenVzZmFkeGVmcnp5enBva2Z2bmRteUJseGx3Z2dpeHJ3b2l6dXRic290YWd2ZmVyYmlvbmZsbWZ3Y2VneWtDaXRtbVF4cHVueWxwemlscnprYVZjenhhbXdmbXJ1ZXZzaGVzZ3NpYWZ5RURxZGl0YXJzbm5qaWtpdHVma21weGtxcGp5Y3BhZGRnd2hib3dqbmVpdG1lZHd2d3htdHNibHVhb3VsdWtnZGxhaXZweXJrbGFrb3ZmbGRuaWpydGFzemRvcXdrdnBhbXdrc2N0enB4Y21jYWFoZ3NzeXBvenFsbHlxcHltZW5zd3F1WHZyeXV0YnRmeFRnaGl3bXFpb2ZpcGN0bml6cWZtaWZqaWJmcXBodnRwWHpreXFqeHhjanlRaGZ2Y2Vmb2VrZWxod2lzRHlzY25ja29wandqaWVrbmpmQmZzYW9qb2Jlcm1ienZvbmZvdHRtcnNtcmpoYWh6cG9rcGJ3aWJiemVlcHVyVHVhcWtvYnd1ZW1id2pibERmcGVsdHN5ZGlFZnVhY2NsYW9ucnNnZ1l2ZHhMbmRqdWV6dWVxenV5d2FhdWFvdWphemdrYnFkaWR5aWZCb21rZmV0dnNsWnBkc2xsdGZ4dnVmb0Z6eGZ6bGp3a3Ztb2R1bGt0a3J4bWRveWZXaWdoVXF3UWx0aWNrYXJ1YnphZW9tZGd3eHVsbXRuYmJ3enJ6cGNjdnp5Z2Rhc2plcXRxaHJvcXlycXhzaXNxb1d2cHB3aWNoc1B3ZGtwYnVsWHplaWRmckhtbGJraXRrZGpoZFN6amFwemp2eGlUZXBMYVZxcUFkb2N4Y3p4aXF5dXl3anJxeWV3ZG9rdGVUZGpuZlVmcmRlc25jZ21wcnV0aWdsaGRqY2pteWdvc2ppRHB0ZmpibG50dmNsdXNjeGNidnFkc1l1dmlyTGZ1cWlobHdkcGVqYnp4bkp0Z29ta3JzeXdiaWltbXVSZWFkY3V0empJeHN3ZGZudXF3Z2Fmcml2cHNkbWtmTmhodHJ5cGZvdWdoaGdmdGlscnZqdmh1b3JnYXhnbmt1cHNpVG5ocWphd3FkaWl1YkJnb2RkbFR4YmxlbmxqeW1kZ3B3ZHBhbGRlSHhvYkVobWdkc2xjdXR0cXN6WmZrdXh0YmZhdnBucWh4bW9leGZ1dHJ0dW9aaGVic2RyYnRwY3p6ZHhtVmdIZGZiaGV4Y3NmbWtwcmJudWN1cG5EdHhiamtvY3B5cmhjZHR2cW5taXd1eWhrbXFtYmF2Z3B5cmlpd3dlYXdhb1JmY2Jwb2ZteWJ5Ym14dm54cWtoWmFkZnh0aWRsc2xhaW13YmV2RHFxdHdjcWF4Ym11ZGpuZmlrY2dpbnNvZHBma3ptbmd1bm5kaWZ6ZHJQdHlrY2tVd3dPbGx4eGFwcnJzaG9tdXdtdWNweG1uem5qR3l5c25wbnl3c0Z2dXhmZGFoVmVvcWtrYmhmeW1na3ltanZlQ3hzeWNjeGRtaG11aWt6cmtyYWN2bWpnZmF1cnlnd2FjdHJ3bWF1YWhnb29xaHp5eHJzc29ka2h6aXB6enlvdXh6bGpteXV4enZlZkp4bGdmd2thZ2NuY2tkdmFncEt5YXF2aXpjdGVnYm1iZ296Ymlxam1Iemd1bG5wbVJxYmF0eXdtaGlvamV1eHZvaHh0anJyemxmaXlpcmVqenhyemN6d2h1Z3lJdW1scGJ0dmJ2bnd4dmljYmtmd2tud3d5dnNzd3ZybU55eXdsaHp1bGdqcHRndm1va3drZGFwemxyZmNrRnVRb2VjdGVkY2RheG5memhsZ2p2Y3ZYcG1sTFl0Zmt3aGZ1a2Fib25jakJnbGhidUhqcER4bmtscGtldXlyZHRoZWJkdHJncHdkYXBheGhxemRza2drcXFHWW1yZ3h3YXNic2docnllaXdSa25ldWt4Y2N1bmJwd2d0aGpsZHBxZG9sem1ycEdpbWJvdHp0b214bnNkdGFxZnBwbGtuY2djamxFZXRndGVqZHNrbHlwcVNxbm9yYnBmdnVpQnRxdmFhVHBwc2hocXpzbmVqWnVwa3N4bHVoZXBrSG1oa2hiZnJtemx0YVltd3V0bmdpZXdqZmNmY3h3dHRCd3FpZHRtc2x2b25Sa3JreWdtYmh2Ym9pUm1paHp2aHp6b3lraGRuZnFIcnlmbmJqcWZsanZqZmtoZGpndG5ic3l4dWt3cnNxd3FzeW9oamdzZHhReHhrSGtqcWZsaGJYZWRiaWtoZGNqemF1dHdyZWdlcXNvanB3aWdyeGVqc3lTbXJnSHprcld4YnltQnBrbWthcGJtYXdzZm1xZGV1aG52d2VkYWlhdmRvbGxhZWdqZWR0Y2J2bWd6b3ZURXNlYmlhdHp1c2R3a2Z2a2J5bFBzZXBkemphb296dnFoenZkZ1pvd252eGZ0eWFoc2tudXp0cnpldmlnYW9wYmVyenNvZGducG1oZmZ3bWV4em51aHJ3bmx5dWFydnJxalpoaWtzd2R0emlhZGxIeXpwZG54Zmx4d2lrd29jR2dqbWh5aHZ5a2VwdXRvaG9ia3VrZnR5c0pzY3F3cWlkYXRkZG13bG1xb3p6b2ZwZHhraXNkaXFnaG9vdnNrc2llcVh4bW1tcXZrY2dlZmRsaHF4bXNkbW5iZXRyYUxidGxBdHRob2JsdmpjcG1mamJpeHJ6TWlIcXF1cGJ3dG1ob2JjbGJyc29XYmR1ZnV1ZFlwc2p2YWZ3Rml2YWxpb3Zyb2F3RnZha29ycW16c3ZjdXV1Z3h4c2Foa2VNdWthZXBKeGJndGFqcW1iYWRkdWprYmlheGRjZ2p1anFkbEduSW9oZHpJek9vdkdhaXlxWGhuYWl1Z0x4Z3Rkc2piYXFlbmlubXpocXhUbXl4Yml4a2lsdGd4em1jdXlvd3J5eWhjeHVqeGZkb2RhYXZ5Z2Frcmt1b2txd2J0dWVta2p5bXVtenRicWhjY3NwaGpveWtneG1nYXV0c25wY2N3dGNpbGN5aWZxdGprdGZrcnVja3RpZGh3c2ZiZG1OZ2pwcGZrbGFpaXNyanNkbmd1YXVxYmJmZXltY3VhenhtcmtmdG1xb256dGNqUWltcGpsaHZ6dG15d29yYnhKandwY3hkbWNxb3pmaG1lc2R2dHdrdHFwcWFoY3Jxa3Jld2VlZ3puZ3hsaHN6cHl5VXBxand0a3Z6emNnd21xem1makFzVm9nemRzZGNzZHlkdGxmdGN1Z29icHZyY3dqZ0ljT3ZiZnRudHRvb2lsZXpucXpsd29hd2tneXZjeGJ4em9qeWdydWpxYmxzdmhiamV2Z2Zuemt4aGxzdWV3bHp1aGN0aHh5cm11cXBobWhkZ3BLdnJsdGhxZXNodnFqc3FpeHNqb2Jtd2Jwb3dsV05naFBZamRua2R6enZaaGFSd3Ric21rcm1sZ0ZoeEVMamxhcGNjcHh6dXRsUG91d0dieGZnRHpiZWt1dHBhbHhnZG1qdWVjaHJzYmtreXJzeWRydHhzem1ydnl3eHRhbklwZmhxbmFxdnVqZHBta3Z0eXJpcmR1emdtZGdudHJ5Ynpwa21uY2RyanB3WmtubWtwZmdydW1oaW9hdmxoZHhtZnJpeHd0emprdHluaGJhcW5ocXR4b25lY2l5ZHJZdGRJcXd1aWR6Z1FmdnhtY3dwbmpyanN2cmJneGtpc3lxaXdqaG12dWVocGVhb2V4cGp1dHdkbW9sWXNxbHpleG1mbUhpUXpuYWdramJsWmpzZmVkUnlwd3ZwYnB4ZnlnbWh2aW9odnF3bnRqdXNmZXhza0F2eHJ1YnZ4dWV1d2VtaXdtbmNwaXdkdXd6YXltYmN0d2pydHdmdXFkdG1rendub2R5U25scXNieHpjZGV0ZmdjZGFIYXJpbWFwSWx2aXhGeHVpa1h0Z211Z2dkdXd3cHR5bmNscnVpZWtjcGpqbWVmaHdydm9sbGt2aXp4bmpzZXRzdnB5cXRsblR5U3JvbHBhcGlkaWZvY1pnZlJ5amFnY3Zzc3RlaXF4aHVobHBreWFlanBhZGRrcHdlaHV3eGpoaHlyZWZ0c2NtaXpzeHN3cXhmcWpiYWtnUnpsRHRnbmpnd3dwY2l3cW9zSGt5bmxvZXZnZ2NkdUtwb2JueEt0Z3VDbWlrYXFkdXdxT2lnY0Z1bmpwdnl0bnVudGxjdmN2eGZkbm5wQ3lqZnhzeHJvS3V2ekpkanphc3ZjcG1rcG1nZXRram1wdHNucHdna2VmbndGY2FtbHl1Wm9uZ2h1b2Ntc3Juenh3aWx0cWdodmdjZW5vYnFHcWZrag==;true;false;dkZyQW13;24224.0;19570615000000;55935.0;735839.0;663941.0;161577.0;177468.0;238882.0;294099.0;<!NULL!>
651.0;20101012000000;16624.0;1.0;3357.0;2.0;5.0;5.0;MTA1IFJvc2Vtb3VudA==;YQ==;2.0;ZWdwZHJsRHFtaHFoc3NlYnp1YW51dEpka2Vxc2Fya0d6bXp2bmpwdXZvanJhZ3RseXdhSnV6ZWNnY2V5ZW5rc2NocWx0cHl6dHd2YmdzZG1odnd2bHBia3ZkcGV2cXljdXVlb3Zka3BubHRneWloc3lwYXdhdmZadWRmaHN0SHVIaXF0bXJkdXBobW5janFhZ3Z4ZWdnZmxxdHVmbm55YW9odnRvYWFydWxkcWlwbm93YmV0bHpqdXViVGVxcUNxeXVzdWFtamxzZHFsdGx0ZXJodnBhTHp5YWt4bWtmbGpoaGRmdGh1YmhqZlR2aHBkemJkeHJ4eGxodG9wRXR5d3ZmYWd6ZXJ6dnJxaHJ1Z2tnb2xkenhqbXluaGR5YWhxdXF3YXlJRGxlZHlyY2Vmc3JycWxrb2FtZHlwcHVqa2hucnVsc3JhZWphbXZoVmd4Zm93V3J6emFvbG5kalNubnJibnhlaXFyU3d5dGtwY2lmc2pmbFZwYWp2dWdlcnFxZWx1dWRna29taEdxcXRyZnJmcmRzeHhWdWZ0bmNTcWJzbGZoa3N3amZxYmRrZW5ueHpyd3R6bmtkYWhudHVYaGtnbnFpbW10dHVhdG1heXVTaGhjYnRraWFkbm9yY0hOeGp5a0hxeHlucGRmZ3dja2lhcGRpZG1BUmpja3hhYnB2cGpjblR0ZG9tZXVzbEV1ZW1xcnZ6anJjZnp5dHR3dmxlbXNzYXNkdGF2dHVpaGd4a2dpQ3BtdXNsYXp6bHNucmxjd2R5b21jdWJjcXBhdnZ5ZHhra2todXB3d2pxcG5pcmhrZWl6dHhyb3Z6a3hmc2RzeHV4Y2JnZXl3YWZpZHRibmxqZ3JqaWt4bWd4anJjbHprZmd4aXFjdnJleGtmenl4bXNxcWt3bnJxU2F6bHJhY2pEcW14a05jbW5zbHF2anBmd2NqYWx5Z2lnZ21kTmRud2h1cmRhbmFmbGh2d21lUHljaGhka3Rpdm1tZG5obGZxeHZxbHZpemNzS2lnaXdUc3dKaHNnaG9zbnZucGx6aWlpa2tpZmpxcXF2bWZtdWdxb3Vma2tpVGVpbmN2cWxmWm93dWxpbnhsbnJkd21zWWdjcndJdnF2Y2FoY3BnaHV3enJxcnJva2pvdW9wanJ3Y25rZ3VhZXFMbnR3ZXd4dGVvdnhwYWdrenF2cWRqemJxaG90eXRldmtocXp5b3F0aUZ5Z3N1aXR2ZHN3c2xrdWthbG54a2h2YXR6cWhvZWl6cmplcHlLZGt4cWl1Q255dWt2ZXJyeWhjeHZveHlpYmZ4amtyeHJnbVJ5cGd3bm15dGVucUZubGN3dnRhdHFuenJ6Y2poa3ZyeWduZXlla2NiY3Zkd2tvQWlvaXNvZm5rcWNJZGttYmJzcG9hcXBha3h1c2pjanFxeFZpc2NtbGZvd3J2dnpzdHVya2RpYmNtdWlnZnRwU25EaGR4ZWZqZHh0eG9veGR5dWRSYWlrTHVjY21oZGV6enJ1c3ZldndnemF4b3pwc2hqdXNqem9pcWxqYWptemFzdXRmdnNva3VGZWFjbHlnRXB0ZXJodmhSb3Jyd2hxYUVoY3RlaXpzYWdCYWl4Z2t1ZmNxdWZseHJtbXByeG15YWd5bnVuZHF4bXRqc21kbGh0Zm92c3VvZHJxY3FoZWdhc3NnU25zZXR1YnR3dHJ4a1FsYXhrdmFicWVydWNibGdqYW9qaHBtdHpla3dubmZoc25ta2Z6eHpvc3J6c2RpY2l5bnVuZmhwb2dtcmhxenllcGFvdnBvZ2x6endqc2tpbGNic3huUnhtZ2tmZGh5YW1zdWNNeXBvY25ubWRQdVljZmppSXNsa2F0VGdiempiamhkb3BkcWJsaWx2anVheHBsc21zTGh2dmxoa2R5emRtbmdhSGNwZmdzV3drYWl0bmFlb3htcnh2aGVnd3ljYnZvbXN1Y2pnbXlrb3FkYXlmZ3Frc2V1aWducG54eFhhZHBuc3drckJlaWVpbWdkb2RlanBzdFN0YWNSUXp0a3R3bGx3bmpjdm1qeXphRmFkRGNNeGFwaGlraXJzaWtmZ1FlcW5qcmlzZXlsZGdydGFhZ2xwb3duYWNyb2dlcXlidWlsS3Rsb3hieWVpcGpPYW5iY2F5dW1iZm11bWpRT3p6U3duenZ2cnNrb3J4SnJkenRha3FkYnBjdmR4cGlrYXhvdnltZXpkbmN3Y2dwb3R2cmZ4U2tpaXpzZmV0bG9ya210bmFZbnRzbXdmdHdIYXJ6Yld1bmltbXFkcnZieHVqcXBjemhoWGNnZGVtdWVoZnVmaWRleXhxTW9oaG92YmxocXphbWh3dWhud3FhcHZpb2d4cmFid2pnYWVuZnNicnZ3a29hb2ZmbmVpd25NVHN2UWRuc3pkZ25hbGZ6eHFnYmFta3JveWt4aXNjb2luZHF2bG1yZHh5RWhoeWJlb3lhTXZmZExneGJuZHhpb25neWR1cmRxZGl1YWdrYWdla2JqaWt6ZW9pZGhueWd2eW5waVdoZWpleXhjeGNvenB3endlZ2dnY2x3emlzYnJ4amRveWFlc3R6cXNDd2dhenVPaHFlYmlsdHRveXFxc2xFdW91cnF4Z29uYnp2bnJtdmt2aWVudm94ZWFwc2FwTGprZWlxY3hraWNqd3Vsb25uYXhqQWpqemZ2amxienVucG9wa3JoZGdrcXl1dXVlYWhLeGhvZml5b3Brbnpla2lsc0xoamp0Z3VmdGhrYnl4aWZxcXphYWJsZXJva3NsYm5vbW1ubHhqdWZtdnl2cHFiT2hlbWh2VXV2eWNjdGlxdXFhamJ3dm14dGZuaGZzcmtmZGV0eGlwaXBid2xkZXRzemt3b2h4ZHptamZ1YWJuc3huZUV5YmxwZXFreVJuZHJ3YndpZWFteHl0YmFhc3BicGJlaG1waWtleWF5ZWl0Y3p6cXV4cG1zc2d0ZHNhY3h6bm5taXl0ZmZqaW9taXJyeWJ2bGZwZG5zcmR2ZG9yZHBoc3BxYXdvZW5xc3lNZnFVYm5mc2F4dG1kak1yWmFzdHBwZnVjamZsZ3pscHV2aGt4dnNwc3V0bWN6ZGZxeWtxaGNodmJubHJ6cXZhY3ZsT3lnd3V6b2lvamJlZ2lpampreW10emd2dGRsZmxvQ3h2UnpteG1ybHp1a2xzc29pcHhiZ2JKVWRrdG54eXpyeXpsYnlrem9oeWV0bmJ6am1pb2Z3eW14SWJ4dnhFY3Rpd29GenRKbXNjd2x3YU5mcnNhaFBmb0l1enB4Y2h6ZGtlZmZtYm5wYW5mcXFmcnNsZmRzamNjb3NncGV5YWhwZXZlaHF1Q2lxaWRCaHJyaHl3d3pmempUbWRjZXV3cHJyY2VzZ29pZnhyZ2d6bkhuZXFpdGliY2J4bGF4cnh1dmtuc21nZmx6dGt1bW94Zmx6emZyeWxnaGVheXZyYXFuYnlpc2x1YmZqc1Nra2ZwcnNpa2FzZ2Z5bm53cXpzaG1sc3ZhZ3BkdGx2bWt0bHpjdnZpb3hsa2lxYnNtbnV3bnVpSGxnZXl5eHlkbXBxYVN6enFuZXBwaXh5YWdrZWx2aGV2Z0NrbGx2Z3llcGViYXNycGp2eXFpYW5rZWRsb3htZm1xcHVncm53Z3BodmFhd2JYZmZzd2twb2x1Y2VoZ2J0aXhkenF5bWdudWJvemJlaHZxbXpxZmR3YWlzaHZsc29kZGVhZmVCZmZ0emV3c2d2ZmFteWNtYXpvZHFpc3hhY1ZpZWpHaW9udndhdnhldGZpbG5QZ2dieXdjaWpld3l4Y2F0cFBtc2Nwb2V4V2p1dkZmYVdoc2Fqd3Bid3pyeWN4em1saWNRaWhkZHlIYnNyeGJicHhxc2xwaGdyb2Zidm9qYmx2cHB2eXJwdEZ5b3VvaXRxaG51ZGhtY2l6cG1ncW1udmpkdmZmdWZxdnN5aXRwc2Z3S3lpdml5eWlrdWR0eXJ3ZWlxdmpmcmpsbG54aXprb2FFeGZtanFuZGNNaXhoZ2N1c3dpYnp2RWN5dnJ3ZXBqaHN1dHh1a3Jpc3BzcXd0ZnFkc2dpc25ybndvZnZra3ZocmhmcWRwdGtjb1BZeXJodm5kc253eHN6bW1xc0Ryc3hhZ2tmY3l2SGFmb2txb2hnbmx0bWNteHl2eU9teWV1YXVnd3VMYm51bHNrZXJqYW1senp1cHN5c2pwZHRhcXZhanplUXR3dmdsbmp6bnB4d2V2eXFvREdwdHNqZ2d1d2NvcXJtcnlyamJ2YXhtb2dobWxsbHZxaFJja0JkcWZxd25uYldjY2h1YWlsaHBlbmhrcnhyZmVycXRzeWdxYmpqcWp5c3VvZ2lkdXZmd2theHdya3VheG5ra0NoY3libGFvZHpoQm1hb3RkbHR3cmV2a3lrYnVuYmFtaXdkZ29xeGxwcnJ6cnZ4ZXd1b3JnUnZ6YWhkeWFtZGl6ZmFyYW9xZXpmbHZuZXh4T2VsemltdXh1b3BsYW9mdXNuZWt1b3NwenRjeGNybmhrdm5nZW13ZGJ3aHdadXBuYnp2eG14ZHZsdGRJdWFvbFJvb2pwdWJ5Z3loanlwZHJvbWd2bmdMcXJ0emxpRnZiY3htd29xZGRvZWlzc29xc2ZwY3RpaGtqenByYXhpbmd3ZXJpc3Foa2V2RWh2bmJrbmx4dmxpcmlmYXFydGJrdmlmYnloZGdlZ3JoZHh4dHl5ZnZqZGVjc2FyeGVtZ1lqdnZlc2x6a2xhYUFpeXRzbWxsemd4bHVramZycWZ3cXNwbm5IZXhpY3Ntc3h5ZmVmY21jc2h5b214enphb0pjaHRtYlV3dXZ0b3RoZWhocHFwaW5qZGxmenJjdW51eWJsb01sZHNncHVzaE9obHp3dXR3bXF4clJ6dXRqZ2thZ2VyZHVsb0NvdWlmb3lpcG1HemF1b2R3Y3hndHRscnJjTmhvcWpyc2ZzZ3hheWtzeXFkemZlaGh4cmJid3RtZGl3ZmRmaXNrcmFpcWtmYnJxb3d0dWNxZ2xucXNhY2F5bXpka3V5a2xkaWFndHBpdHh4WHlxaHZhY3ZuYnR2bnl4TWpybWdvamxra2t3aEJ1eWFncHdtdGtxZ2ZoeGtjZWt3Y2RrZW5jZHhmbWhycG5wbWRvemt5ZWRqZ2J6YW95ZmVoeGhieXJ3Ymhhc2FmbGhlbWFq;false;false;d3M=;347.0;19760519000000;12287.0;267068.0;945109.0;795068.0;99775.0;118282.0;643753.0;<!NULL!>
15321.0;19961126000000;24224.0;4.0;3797.0;2.0;3.0;7.0;MjU4IEhhbmNvY2sgTGFuZQ==;dw==;10.0;enJrY3h6eWZ4cE9kY2R0emh0aHN2bWxmZGJpZWtkdG9haWp4eHN0d3BjcnpydHpmeWpBZmNoaHZzaGxibHF0bW9xbnV2T3VhemZkbmZoZ3VrYmFwaHFhYXJzeWlueGR2a3dxYnVjbnR0a2VtbHFtcW9UZm16ZGRpcXZ6aGxueXRwa3h3b3pBaG5xaHN4Q2t6Ynhsam1nYmh0bGhsd25wb2h2V1hpemdkd3N2ZmZGc3NzandrdnJ2ZHVsY2dseW5zeW9iY2F6c3ZlY2x4anpzenV1aWxqa3R1ZVRmYmplcW5hbHdlaW9qZ2htemdiZHVmdG9qaGR0Z3B3bmloa0V2dnh5dXpkbmhvVGZoQnBnZWVzUHZiSGpHcWh0bUd5enBlaGVwa29tcWJ4eXBmaWJ0dGNuc2NiaW1jaXl3bGRzdmxpZHRhb3lwZG9Cam51dm1pYW9ic3RkcGZaeHhlbnhSbmhmemZzanhtd3VmcGJya3lvd2hnVWpjdGZlbGZmcW5zZmVoY2l3cHFlZmR0bHVrZXJ6aXlqSnF3enBwaHd4bmthZWpiempadGhsbnNieXlvd3luend1eEN5ZGRhaHd0cHlsb2Zhb2RldG54dHBkcGVtbnVyZGlzandtcGdpUnFaVnZpZ3RkZ3R6amZoZXdrZGJpbFJvc3FpdXZ4c2lweFRmeW1sZ3N2cXVkY2F4aWxveHZoZHhkdWtlZHlpZ2NpbGZwb0ZiY3BuYnNpeXBxanNicWJycHVsaGxqeGphY21ld3lzenlidWVxa3hkZWpueXhra3ZScnJwd2hNcnNyZGtkeHR0c3J0VmdtZGx2aG9yd29kbnhzZW9lcnlrbHBnY3R0YWFra3JmclhuanVlZWJrTHlnYW1xZ3RtbGhrbWFUeW1tampremp5cmhyYmpsa211eHR0cGdubE1tc210ZndwZ2R2bWx2d2Zjb2xueHlhcm9mYm1mcUF1d3VaanNvc2JyYWdnbmF5emJkbXlhbWl2anBsV2RrZG9zcWVod29wYXFTZWNwb29IZXF1dG50ZWd1ZHd5cXZ0QWRianp3bHBmb3pmd0dvc21mamFsbnR3aHdhYXBvdWRvdWhjZ2RaeWJ5YW1ud2xpcGFsZnNqdlZibnpvd2Rqd25VcHljamtqd2dhZ290a3R1eHVtZHZ3bFRza2Z6ZmZXYkFrSWlzaGhkemR6bWRobFpvYmtlYXh6cXJid25kcXB3eWF5Znhhd2ljbWh3YWh3TGVwa2Vra25hd3lpaWhoYW5lanZrYnlpaHRia256dmZoaWNwdWRzdmtsaHB4cnFvYmx5cmx2dWZ1ZWpycmVyYWd2bU1reWRxd3BkVm1sc2ZteGlyR3RyeGhtcGlxQWFmYXN6S3Nmam94endwcXd3b2lrVW94aHlocHRjcHd3eHd6S2xvdG15aUNwclF0d3d5Z3ZtemdGbklTeW1idmRqb3JuSmdleXNtaVp3eWJlZnlyeGZvdXR2YWVxb2hhZW55enVtZ2N6YnFDaGN2d1dob2hhcXVjaWJrcm1qaGZudUVwaWx5d1NveHVweHJxa2Zua2lyd2lnemFpbGRtamluZXZmenplaHF2dHZucXVtZ3Nyem93aW5meXBhbW9haWF4eXN4Z3FvRnViaWhxZGRNdHpqcmNkaGVxVGZibXR6a2Vib0NkaHFid2VqaWFmaWRpaHNxemFpa3BwdmJibWR4c29iZGRubG5oeWFnY2hhcmJydkd6andidm9xd3dBZXVhb3d0bUVkS2NxdXlqdHRrcXFtamN6bXFkZGtnYmlmc2h5cWZ4Y3NkcXhxbHprZHh5eWp2YXl1YmpjeHpiaHR2c2xra2J5dXpxc2tteWliYmVsZkpvcWZkanNwWGpjYWl3dm1maHNobmlsaWZkZ3Fnenp4dnFtZGh3YXF4emN3bnNmc2pidmJyYmVVcXR0bXJjaXV3V2R5c3l2cWVod2V1YXdzcUNmdWVnZWZraHp5c1Ryb3VxdEZnd3Z5Z2J4bGNyd2V4cGZrZmVseGlxaXV2aGJ3aG9ja2hmeWlkeWtGcHRxbXBramdtdXptcmtjY2hkbGVia2lyYnR5a3Flc3FsZXh4a2xMdHdyYmpndmNpd3Fxa3ZtcmRrZmdidWdtcnptZm1DZ3poaGdnZmV5Y3BmdHRlcXprbHNxY3htcWd3dHNseG1ia3VxaXByZnh0bmV1c3libmFydWNzZ3NmemxleWRjeWdqcmVldW5yeXV4VHVzaW1iamZucWV2cXJkaGVyeXV2bmVwbWN3anVobmJ4YnJmaGxqamFicHBneWphUGpxc2J3cmtwa1BhcnRTaWdpbXh2aHVOcWRobmluZ292emZsZXhqYmFkcnRvZmFsUHVwaHphaWlnY2lsdXFrbWZtaXVzYlpsdGNpcG5kbWxyd25jcG5pZGpkcGtlZ2N3dGhrcm5ldm9ubnp6dHJsc3ZmeWdieGtqYXhvdHhhZmx1YXdpd2l6dnJzbHZhZHVvdG5naXdhZ2N0dHVrbGlhZ2RBelNabmZnaW1zelh1dHVob3Z2dUJlYWltZGphbHFmd2xzeXBidnRtc2F6ZGphcGl1cHl6YXhqaWZxaE1xYnloanJla2d6ZHFldW53bGp0dnB2dFNxaXJqcmVjZmV3dmpmanliaHdheEVkYWNtY2NkZ3dldmlic3loSXBzcnVhc2NycndjeXRvbHpja2hwbGNva2tpeWNjeGd0ZnFuamNvb2RkZHNsc3NocXppbmlnbmR0ampvdGNLaXhpd2d1Y3FxZHZ0Ymp0anNlZmlabm9ka2lkeWdtdWpuem1pVnlvenVveGxnenpoclJwandsdmdXeVphbGRvY2licXp0SGtub3Z6YWRid2xreGdiYWR2b210ZWxkcW1pcGVybGx3U2R3bm9keGZ3Y3l4Y2d5Y2psZWt4YnB3YWJwcE5iSWRscGp0a3lwaWtkamtlbmN3d3B0ZXloc2Nqbmx2bHdob2hsYnV0b3pjb21vZHRuZmxmZHF2RXBlZndidXhjZFV1ZXNlc0h1Y3Bmdm5qa3ZneHNoZ3Jyemx0bmR0eWtTc3V2aGxxd3FobGtkcWpucGx4aXhveXpPZ25rYXVqaWZPbHB3bWJ2b3VtZWJxYm11aW1mc3h0emtheGd1Y3NobmJuamR3c2hhYm13dFd6ZnRsZHhnaHp0ZWt4aXd4dHdicXJ4YnR6cHFzZ1JxcmtsbHBweWF2c25rd3NzZHhmeWNxZ3d1WWNjdnZtcWxxZmVoamRzcnZkcGttcmNvdmZ6eG5qZmRlYm5jenV6enpqaWJxbUV5eXZpeXJvcG91Yk9hZlVqUWtBcW13Y3l2bHpmcGltY2VpZGFiZmVvY2N0d2VnZWRjbWJ0YnBiZ1FsTWhtcGJ0dnBudG15YWtkcmV1Z3hodHZra2J0YWliemFqd3FjaG11Ym5qd1Rnc2lmeGdvY3RzeGt0Zmtycndra3d4bkt5bm1qZWZ2c21wa29iZW1xaHFmY2hZcWtreGJsb3d5eHZzbGlraGhjanh4Yml3ZWRmcmRqbmN2b2Z3aHdoZ2hscHNTd3R4ZmZxeHZyeHh3bWV2eGJtd1JweW5yd3RIWWxpaXB0bXhycGFlZUhydGdpdWpoSnplZ21mdmxvbG9jemV2bW1xdG1sb3hxaGJyanBmbGVpbERsam1qZ2toc29kZHF2cHRhdmllcWR1ZmFkd0Zrd3Z5d291cmJrS2JrcWViYndzcmxiaHBiY2R4bXBqYm14ZHl2bHhpYnl6cWZ2b2RiaXBzZ2l5dFRmcXdPdGh6YnZhaHlhQXVtZW1ud3lpb3FnbWl6a2JhcWh2bmdzdmV1c2Z1ampya2prbHV4aGVnd2djc3Vna3VrRmtyZWNtaW91YmV3b3F1Y2V3b29xeWNzeXBzemhteWhtbHZwY2xodWt0SHlvbW5taGxzenNpcm5td3V6bmZmdGZjcHRkbHZ1ZWZnampubmlpenZqV2hqZGdwcnhnellBaXhuZWp3RnlrdHVjYmhxa2x0ZW10a2ppenp5Q3lvcmZmY2dnem5idVFjeXlrcG91cnBweUJsY3Rwc2J1Y3J5S21vcG9qYmtkY2lieWVteWdhc2p0em1lZ3N0Y2J0cmFma1hzdkV2YWFpZ2Jzcml1eGxla3V1ZGh6dGhsam9lcGRleWlkZm5pdG9zemNqaHh3d3RuenlrZ2xxbE5zbmZlY2Nzd21wYXB0dWlnb0tucmVmbnJlbWVteXFhc3l6bWZhcGppbWFoaWZnY3F3Y2Vjc3hnZWxib01vTHlwdW9pbmNpa3NieHhodmRtYmpiY2h2Y2lpSm1pRXJta3p2bnJ5amFtcndRbXljd2ppbkp4cXZxdWJvaXRmbHlua3V0bmZidnF1dWdsZGZpcnZscWR1eHFlanRwYWplZGpiZ3JldHljbXJla2p4a3loSHdvcXFkamFibHJtbW1zam5uam15cU92b3B1YVZjZGRncXBCeW16ZmZ4cm5xcWZ3dXg=;false;true;dWd4ZW9qaWw=;16728.0;19950216000000;509207.0;613586.0;994665.0;862700.0;585201.0;436020.0;334513.0;<!NULL!>
30837.0;19830528000000;11636.0;2.0;3357.0;2.0;4.0;2.0;NTU3IExhdWNob3BlIFN0cmVldA==;YQ==;8.0;R3R0bWZ3cmJKd3ZDbXRpaGlvYUJNaXJqb3doS0d5YWdsY2RyZ2ZmbmlyaXJ2b2VncmxlQnBiYlR2d2RSa3FjdGtteGZ1cWpkZWF4emlmZ2d2aG1hT3d5TWd4bW9rekZqZ1hueGh3amdtd2J3aHl4YWxtZWR3a3Z3R3p5cWtyd3hqdlN2YmR5bWJ3Y0hobGFkZWN6eWVtc3p0c2Joc2Vxa21jbHZkbWxienJ6aEt2Y3JNeHBxZ3d6aWtzZGh1aWJlbWNvb3R6cnRqcmh5bGFuTnhia3R2d2Z1b2Jnb3dhaWF3YWZ5dGVqamVrZ2podHltdGl2dGxwbXpjYW9tQnZpeHl2dHBibGhveEFxcGZ2em1vdnNwbGRyYXdwbXJyeGhmdURyYmV6T2d1cmdkcWlleWhodWZxeXpnc3J6ZmpmcHRseW5lZHRrY25qZXByd2lwa3BhenJ5b3ppeXFyZXJ1cHJjZHNGa2FqbHhhWW53d3N1bGZia2l6aWVoeFFndG5ncXVpcGxzbHZvdXV0ZE5ZcXltZWZmZm53aHZyZnREZ3ppdXhhUG9vcnBYZnVhbWhyQnZmd2F2aWl4YnhxZXJ0ZWNnZmhpc21yam1vaWJpaWFuZWJneXJhemN3cndxdGVubGp5aHp6bGt0bmpvemVjZWR0a3N1d3VjY2JycXdidHB3em1pemVpeWFnanVwcHNwZ25kZm9ncWVkeWZneGxnbGpmY2xieWpyenF6YWt0a3ZEYmRuYXBjY3l6em9wemF6Z2JncHRxZ3psa2NkZ21pYnB1dHVvZ2d0bXNtbHZ0cHp5cG14cXJuZHJzcnB5RGtsYmtjaXRocGFqc3JtZmNhZ2Vyd2F4d3FEbWVkeWdiZHhpZWJ5am13aWllTUFwaXBsZHBrd29zeWZjaWlidnhoYXVpZFp0eHlrcWxocHV3a2xvYnRRemNwanl5b2ZieGhxbGR0d3N5cnByYWp4cXZ2ZHF1Y2tMbHd1d25Da3ZxYXV6b3B2TnJldHlrb2djbnJRdXZiemhmcnVydGhlZGhjZWVycnNrcFVTeWt2c2xkUXhxZ3JxamxudGhlZWxpdGdhbHJ3c2NzYUFnYmlqeml5amZyb2p4a3Nzbm5ndW9menNqcGJjZ2F4a3doc25ycW95Y2VlYWJ4V2R6eGdmZW1mSXF1Z2p1cWV6QWRyeGpkZWlpdW50ZWJ2anljbWZudHd6SW5uT2N4dmt1dGdndHl1d2tndGR4aGhoaFloemtld3V1dXR0SmVsZG1yam50eWh2ZmRrdXZ1cWxtY2xuamZ1bG5iaGx5a3JoZEZoYXJmWWR0aHZyaHd6Ynpvd2hmem1nZXptemFZZmljYXpyeWpub3FlZGVwYW5xd2Z4bW1janpzbEdrZm1mc25ieG5Sb2lmbnFncnZjbmZzY2FzcWp2eWlqa3dsbXBlcHVhdnd6ZmRyZGRibmRjbnVpbHZxaGdCcGpnZGRuaGd6Z3doam5zdE9mcGF2d3ptYmR6dnFod2xrbHpyZ2Znemp6eGpzdXpnZWR0RmV4YWFydGtrbGhkY2F4emhra3R3YW16ZHR4c3RLd2x3aWV2emhjdG93ZGVtd216bXZ2bGdpbnBvaG1xeGZheWlzcHFiZGR2bWFjdnlzRG5lcmtkcXFra3NtdXJwZGZyeGZmZ2Z6cW5nd2lzaXF1ZHR3YnVpb3V6d2NwYnRqendkaXB6cW92YWpJZmVqaW9veXVtbmhBaHFJZ21FZ2Vmb2JibGFoa2FjYmppZmxpY3djYXJtYmZmcWlraWF5bmNsbmF4bnd3UHBud2pocWNxdGtldml5b3BtVnByZWVzcGJ6T2lobmhkeWdpeXhnbHBLcWdvYnNpY3F5Z010cXZ0eXloUGV3bXp3R3Rua3FxZ2hhd2NyenZTcFNpYXZua3RicHBhYmJteWRobWVrenV0em1lemlvZmRMc3VranJua2htYXd5cmdlaXh4cmx2cnJhdGtkcWNnZWp0Y2RtZmR6enRuYmd5Z3VuUHRyYWV3anZrdXNqd2ZoZmtXZHhhaGpjbGN0ZHVmQWJqRHVmYW1rZ2hva3dhbWJtZHdibFZvcXZxbXBhR2prZW1yZnhxbHJid1B3ZXRpaGh1c0RrdmxwdmxibWFnc2V3dHlubWdpd3B4dklKc3h4dnp5a2dwenRldXRjcGNNenFubnN0ZXJjdUxhcHNtdFdxenZtaGZ6bWNoaXhtenRjZGVtc2Jib2RhdWN0d1J5dGhTbnpibWppa3pmeGFtaG1nZmJua293d2J5ZmhqZHh1dWJhRWhiY3Nvd3NnZXJldm51cW5oZW1kZnVrYXlkZXluaGVpZXFvaWRmcHp0Y25rcm9vcmtpbXdyb3ZzbWNmZHVkdWhveXJmc3VOcWRvcWh6a2VNSXd5cmdCZGhub2ptZGZiZW1rb2Znd25tdkRoaXlmeXluandnbWh6cm5Wd2hxaGhCeHVscG53ZmZkZmdzem56ZHZ5cW52bHl3cWRsaXpZbWh5bWFuZlNxeXNqd2VqZ3NxbmNnZXRFaXBmbGt3dmx3ZHV6dWFkeWhpbGZXR3FtdnF1dXVkaHZsa3dyeGRzdXN3bWdybmZpYXZsaHl5dGVOZ2JxdHd2Z3Vkb2ZwbG16aHlndm5za2ZkZGh1YXJJaGhtcGlUaXprYnRiZ3BreWZ3aWVsbHF0aG9kcHh0amR2aXJheGNtUnN0YnhtZXhLemtlb3R2YWtpc2t0bGZvYmtodnZhbm5mem10aW5mYkdoaExna2R6cm95cHlqdWVzd3Jvd29vZ3h3ZXd4YmV5dGhoaWZzdWx0bHl3dXptbGhic3drY3pnZWxGdG1Ua2JidWJpcHlneHdvZXJvcnZ4Znl4dXV4ZGdhemRwdXFmenVvamtocHF1eGNyemNiaXBYd3J0aHZzcFpwYWVwd3ZoR2h0YnF0ZWpmaWN2dnp2dmxsZWdrdW1laUZhb2hybml2cWNvdmZybXZybHJneGhpa29qa3dnd3JjeHhobHBvZ3docnp3d25lZnBoeWhhZXNoZ3FtcXd2Y3R1bHVqbFFqSGd5aWV1cHluaXpuVGRmRGt5bnVrenRoVWthbHFlamFkcmJsZXZ2aHBtbG9wbHZrenFyamd3ZWhwamVuendjeG1tQnN2aG1oamRxdnd3amZqcmhmYXZibWt6YmNmaGllRXVpYW5SZGV1c2F1ZXJkYWtvYnZzeHF4ZXhyZ2VjdWNxbnlqZW92dlplZEt6eEVkcGF6dHJ5aHV0am5ucGxzdmdlcXR4Z3dySGNzaGdxc3R5Ym96bmFkbmNnclRJZXllY3Bqc3F2Y3p5Z1ltdHh0bnhQbWRmbnZ1aHp6am5meXJmWmZzcHZqd3dqa2R0cHJtbUJ2cnRtcm5udHV4em5oZWtncWtndkJ0bGl0cmJrc3RlbXlrY250cmNYdW5nZWpwZ2d3a3Jxb21uaWtueGlxZm1lb2t1RnVhbWd1Z2Vxc21yeG13YmpjcWFidXdoaHRsanZldXV2Y2Noa2xneXZiZWtuTXdpZnNkaWVlc3JmaHNkbWVxeHd0eXZ2a1Bpb2Jmc3Biam1jZmpnaHFmcmp4eWZjdWx5cWVnenhpdXJ2Z3lob3N0d3pjemdnZnpsamtodnlyaWxhb2l0aGxxY2NvanBicGplc2lvdXlxanppcHdjbU13b3FmcWp2dnRpbHhrb3FpdGZwaFdvY3FjbW1yYXpvb3VqelBtaml4amp6ZmFwaWV1cWNjdHJwZXFlenpxZGxveGxnbWN2dWJiZ2JodXlLc3RicG9qdHJrcnNweXlibGNraHN3ZW12eHRobWl6cVpidHhuWHRRdGdtc2Fhbnpmd21sdmdvcmFSYnRiam9mZW91ZGx4b25lYW94dGZ3c3Z2bWpybnNvZHhwZXF5dHFybWp2Y2ZDbWZ0aHVqbGN0YnVkZXlva3ZlWnJwZWF0cWJibHN5cnljamV5bWdqZnNhYndzcHJ4ZXlpanlueGV5dGNubWN0eGFya2JucWVtZGxxeWN4RXdUb2lwY3JhaHNsY2l5ZFJ1aHdocGR1bGZoeXpiYnFzcWN6cnpoeHJpdnh5bm55eXRobWNxZHRnd3N4bm9uc3ZncXBlYWx3Y2llcHhoY2V5eHpjQmJiYXp4cnFzY2prZXloa3VpYmZoYXR1TXhiZXR1cEp4aXlycmp5eHJjQ2pweG1yZGF0cXJteG9wemJ4enNqY3VzZG9rY212YXRyYmRSbmRvam9pdWV3c3hhdHJ0bWFwZHN0cXZ6bXpodHhoZGJwa251aWxxZXdpZm55bmpodXBhem1vdW93ZG9yc2NrZmtuY3ZwenBka2lu;false;true;eGNwZg==;17042.0;19531228000000;196596.0;955588.0;122799.0;70.0;793287.0;124277.0;291851.0;<!NULL!>
9113.0;19500211000000;16728.0;1.0;655.0;4.0;3.0;8.0;NCBSYWVib2cgUm9hZA==;Zg==;4.0;bnF5d3FwVnh1c2lOZnZsZ2p2aHZ0V2x6dHd1bGFjbmRmd3B6dEFybWdhbmJsdWt2a3FoYmRvZ2dheW5tb2FldHplcWVvcHRzbGNpbmdwU2pvcnl6bWpyY2NzTXpudmR6ZmdZZ29yS29ua21neGxmYmxpaXV1YmVoaWJsaHR1eXluZmNYeWtwaWV1Y3JtWWxob3duenFxa3V1empvYmJpZ2pscGxvYWRmdXRwbWtyY3JWenhxY2xqWm9lVmp1bm1uY29nc3RtZ2dRbnN5Z2lsdmFyanVoZXJtdmpmanh0cmJ3YmNseGl5a2t1Z2htd3BZZmdhZW9XaEFxb2JnUHpUdmJraHVudnBvd3VkZmlqaXJkd2N2ZmRtcHlscW5ydXdrenduUHZxZGdqb2ZpbHRtaWRrZmVvdmlwdnpxaGxNd2l4Y2VhZmN3dW1yd2VlcGdseGdobWxqYmNvcmJvbHJZb2NhYWtvbHRrdmh3b2h5b3FscW9xZGx6Snd2Znd1c2FxdG9nbXNjZHVjc3diaGlwdHhub3N2YXV4dWh1enVvY29vYmFnaWJmeGJYcXZ3cHRienB5amV1eWhham9kSWJic2Z4aW9veXd0a2ZnYmtxbHRtdHR1Tm9xc29sbGtnZGVuamZkaWZpeXR3Y2h3bm1vamh6dGhicXd1eXBra3hzdnNwaHFvZ3p0dnlvcXdrdXFFaHpqdGJyZXdiampwaG9saGlkdmNyZmFxbm1kb3J6YWRkemFldXlycHljYnF5eHN6c3V3ZXlweWN4bllla3lyYXRkdGxsemRveGNqbmprWG5zY3Nxd2xkeGZ0cXprY2Vvd21vcW5zZGtVaXpraHh2dnNnZmtuZ3Fycnh3ZE1paGZrZ29mY29taWV0cHZhd3NjdmF5aGdkZGhiZ21xcXZ1enRieGlvb2J3aGdieG5hd3drY2lzZXNwWHRxeHNzY2l2c2x0Z3BqbmlqTXpuYXl3bHJ2a3hPZWpxcmpob2NtdWtvZnp1b3R4Y3V5aWViRHp5dmVpdGhybnFpenJjZHlua3hrb2trc2h4cmNpYWNvdG9pYnBKeGJidXFtcW93d2ljeWpzdm1icHlmbnZxeGRsanNpdGJxc2JsbWl0cW5qZXhpY3FqY2FEa2ticHptaXF5em5wZ3BvU2t1eHB4ZWV6Z25wcG93aGpKemF2b3lzc3N5VGlEeWdxbWRkZXhxZmVocXVzamJBa2lhY3RidGVremhnbGJhbXNxdW9mZm11dnVrcXN2andrY2hqYXh3dm9wbndhc21xeHlsYWpzaUxuY2JrZnF5a3dvbXpvcUNlaHdPYnlsaWJlb3prc3p3Vmx4dWtzbGF4eHVkb2t1TWhTZ2Rib2F5a2p3ZWRwU253WnZoYXpqdXhhZHRua2FwbmFzenRhZWR5bUFoeGd6bGl4b2l2YmRhZWFhd3hmZHpHZGJjdXlwbmlvanhhZ2RkckdjZnBqZnFocXhiR3JtY3pmeGJsZ3ZBYWlmaHZlY29ieW1xcGtsbmJiZGFhYXdxamF4dXRvaG1mdWlYYnRjdmdPeGNid2tmbmZ4bmx3bGd0b2twd2doZGhwZnZiZWJtYXBjbWdlemh4YWJla3NjZWd6d2F0emN0emtiaGJ0aG50aWxqY3lweG9vc3JpdmFlRnpmdWxmbHloeHZ0ZnFydWlxY2RlZHJ6Y252c2dxc3FyZHNycnFhTmhvZWx4bnlmYWl4c2dldWJ4bGVibU1rY3BjeHNyd2thbG93dG56ZmNrZnR1aXJ3anhkYWF2ZW5jdWppamNyc3F4bXJobGZjeUxzcm5ndmlmZ2F2Y2RmeHRoaGN0dnljbW1qV2xydGpoaHBkZWR6enVsQ2piYWV0YnZmanpiRmtveGRobXhhaXljY2plZWJ2cGt1cXlweWhsc3dmbnVycGFudHZwZWpnQnRvc29zaXl0eWVncHVzdWt6aWxnbWN1a2Vlc2Z6Q3VsZGd3a3JydXdJY2p2b2J6dHZpaGRuc2xmcG1weWJ6dmtjem5rbWtrbGt5c2RoeG92cWJmaGxja21kcm1xdkxpYXR1YnBrdGtveGFqdnBZemZtZGZKb2p3enF0a2dybnJnZklrSmtmdHh3Zm9oYXRpbWZ2eXh6b3F3bXl4c29leGRsbWNqdGNudXF3dXV5ZmV2cXdjY3VyaXBQdHZuend4bWpsY3l0bnp0bnRxamdmYnFqam9zbGt4QXRnZ2doaGNiZHR2d2N2dHJ5bm56eGhhdmF5bnBmaGxqd2pobXViR2FldWV0cHBiaWVkcnpsb25zaW5tYWVyZnZwd2xsZGdnYWFiaGR6dnBqa3BPZHBCcHd4aHlja2J0ZnB3Z2NuZGt1ZWNCbHFibHJvbnJGdXdob25meHhqY29qdGhpaXZoZFVlZm1hZnF0bmRqdmR4Ym1kendvd2N5ZHZsYW1pb25rd2FicnJ3YXBtYnVyb1JEeWRucmZid3FPbHZ6eWp2dmdzZXBhdGx4Z2tpdHpna3FJeXp4empocG1qenRFcHpsYWZmdm9tY0NjcGJrcGt2enNwbWZ1SmlmZGx1ZWp3Znh4c3JlZWFsc2Vzd1hweXhqZ2V6ZXJydXFxc2Zka21xb3psYXVBYmltR3Z4amJldWJ2b3Z2eVVmaWF0cnpqY2VqdGVjdGx6dW5jY2ljZHNhb2dsb3Nsa3Zwc3doeGt5bnRnYmxxYXBvdmVlcnhxb3FreGt2dHV1Z2p1eHJ2ZXV1a3hqeXN2dHJ6anJ0d3R0Znd6Z215QWZkZmZkY2JiYm9vZ2t2empodnJndHRmdU1hbWxneWFxZGNvenFobWdzYU56aGpld3BTbWhmdWFwanBiUXB1bXBwY25oY2xnbnhubHhrcXNjd3dmZ296amhkY3ltZXlsaHR2bnV4c3d5enlsdHpobnFmcWdjZXVhbnpTZGlrcWZvbWRxYmxweGZsZmlWYm5pY3NtbXp5UWdxcFVrbWtubnpqYnJ3cGFkZnl0YXJSZmR1YXhBeWJoemJnZGtvanV4cGltc2ZYaWR2YXZyZ3hyZ3JpaWNwdWt5dmFjaGNhZWhtZHd0bXJyY25hY2dyRGlPeHd1aXpteW5qZ3RwcHBoa2tvZnpwcWxnZXNoc2ZzdGRubHp0d2VseGRGbndpY3h2YlB3VWx6bWlkcXVjWWZpcWZleW5wZnR3aWFubXFmdUdnYWR2emRtemRmZWtrdHZvcnlpamF5aHR1ZWJvbnF0dnlpZWJhaWppc3Z5c3ZkaXRseW94eWt4bHNra0NoeHFyZHZFZUV4ZWN0bERkc3hueWpwYldjY3hxamJnaWN5aGpzZ25lZ2VkbXpKemh4eWZrY2RtZW9tdWhj;false;true;cXZu;7951.0;19811215000000;857660.0;492185.0;38305.0;821328.0;489453.0;412922.0;40182.0;<!NULL!>
11762.0;19781112000000;16624.0;4.0;3932.0;1.0;5.0;10.0;Mjc4IEJ1cm5iYW5rIFN0cmVldA==;dQ==;9.0;Z3FleGRmamF4eHd6cnNxaWNqYWR6aWdjY3FvemxweG5DcWdoYWZrZmV6Z250Ym1zY3puanFocmVnbXRtcUtqYXBha2lyZnF4a3Fjc2tlZmlxanRsbHFFYnJmdG1pZmJVcW1odGF0bXFnZ21lSGd6ZWtoR2tlb09pc1BncWV0emViU3N3eXFneG9vbnl6dHRpZ3p0b3JkcHFDZ3R0eWZ2aHVkU3Z3dG10dG1idW1kbnV4d3ZyZmpwY3pqZHZmdWtnem52aXZuZnJhdGlldmJ1c3Z0aHlmZ3V3c2xha3VhcXZtWmlzUGNndkl4YXJlemp0c2Foc2Z5a3lkZXZucGljaGFvdnpiaHZtZGZBaG5yaHZrcWh6eWdvaWd6eWtveHJhempldHRhYmNha1hwZ2Vpa2RkeWVjV3Z0cG9mbGZ4amxiaGFuYm12c2Jobm9ra3VleXBoc2dodmhwbnhiZHFkZ2Nqb0dsa3Nma2hKdnV4bndrYm9ibHluanpjeGRmaWNubGFTeXl1VmJuYmhnRWJmYWd0aGR1YWR1cmNmamRsbHhiYW1qcHdvU3VxdXZ1cWVObWlmeWx3dXdmaEFzYWt6cWZvb2t4cHpxaWVydXJnY3ptcGp0bnNibmt5dnJ0YlhnZHpydWJTZnBzaXp3ZGtpY2xtc2RnemRza3Rud2N5Z2ZxZW5paXdoY3dhcXR1bHZxYXZmc2locHliYm1qdHR4eHNleHdna2hwanFndXp3bmRzenp2bHFxTnJ5cHV2c21sWWR0enNxYmpwc2VwRHJxYXlQY3Fjd2Jpb3ZheEFsZ2hKZ0F4c2Nzcm12aHRqcGNzdnp4dGdtenpxcndjY3dqZGpzcmF3cmRpa2lRbGpldm54cnd0eHhsaWppYW9mbW12b2RmVnBiYm1ycWJyeHBibnV4dXp3Z2ZubGdhc3h2dmFqaEJndmtoYmtvZnV3eHlhenpnaGhybHl0dGV2bmtjb255Y2xvZGpzaGluZXdxcGdtbWVnZ3hld3JvZ3dodGxnbmJmZmtnc3pybVF6ZG91b1ZocHN0YXZjeWhwcGZjcGlxb2VpeWdzY3JiZ3J0aHdjWWN2eHFHdWp5dXNzaXBvbmtvb3FxZW96anJtb3B1YmZpcWRjcWRucmNiemFzeHNoaHZsa2FscXpnZG91ZGpycm1zbGZ5blljcmJ4bGZuY293YnplbWNwdHlzc3d3R3F5c3hnYmxxbm5memNuaHJ3bXl5cnpiYmhuemF3eHFsYWZ2dmFlSGNkcmh4d0V2YXZpcWFqaHF6Ym5nbWZob2Vma3VmcHVvcXN6Y2d3cnVmanFEa1VjdWduaWx6elZobkJ1UHF2empsZnVraGdicXByZXJiZm94d2dwY3d1eHZwbXB0ZXFnd3lzZmFueGdpZnljd2trZ294Z3N6eG5XaWplZGF6dWZ6cGx6c3h4Y3hwb3NzaWxwd25wZm9zaHZxb3NzaWxwbHlhVW15bHV1emdocmJvSmJIZGR5cWtjc2h2eWhzdG1ibGt3c2Jlcmh4Y2twY3NpYWt0Y3p0c3pkeHZiemNncU5jcXZBZ2JzeHRkd2JIYnZiTGR0ZHh5d29wdHZXbWx0d2R0c3JlamZ1eEJidnlLblh3ZndnVmNlZG51eG9udHZxZWd2aW5hdmtiYWFlV290dUNrZWxCYXJqZHhOc1VwdWVxc3lldnl5eWhzanVkbnhnbHJuZXJ3aXF6dWp1dXRqcXN4eHFaZXhlanh5bGRuaWVueWpnZmd3YWVmem1oZ2Jyb3BkZmd2d3o=;false;false;ZHRtcQ==;16728.0;19671210000000;145931.0;122203.0;676751.0;949298.0;460311.0;305519.0;957238.0;<!NULL!>
14112.0;19840504000000;16624.0;2.0;145.0;2.0;2.0;3.0;NCBVcHBlciBIZXJpdGFnZSBDaXJjbGU=;dQ==;5.0;dmdmYmRoeWJwdnBsbmVidmxsaGh1c2VndG1mYWlyc3dtZlV5dGVxc3FvZm5hbnN1Zml0bGJyZnNtbnl4YUNmYnl3eHFiZGx3ZW1yanNueGpqamd5bGxudnZtYmlwYW54dW11emtwc3l6cWJtaXB6Y2FobG5JdmVvd3FqcXZna3RxeW5rSnhhbm5lUUFzaWlzY3B4aGh4Z2loYXBla3h2YmJncG1jbGl3d29icHhpd2tpQ3RmeWlsaGx4cXJqV21ld2toanJ2a2xpeXBlZG51cGRncWZLZXJvb3hkZmZqaGx6bHZkcWZ4dGR6b251b29obmN6bXN3RWZhcXZremJ4dmx6Z25od2hjZ3pGaWFlS2NuY2Vzd3pnY2NyeHB2b2VyZWZ6cHN3cW9pcWdud2JreWtsb2d6cWpsaHB0cGduZWZyandYenNoZmt3a2NiZXF6QWNnZ213bW16YXhvZnV0enlhZHpwZmVjYXZmYmxjeXZ3UGRpYUNkcmpieXVsb3NieW9scnZzaGZhbXJnY210ZWNsdGZpSXVxZXFOYUhkdFp2ZnBsamRxZnF3bXhyZXRveHhndnFiaGdsdGRZaHJ6ZHp2aXZuZGthemNjb3Nhc2t4bGhlendtdXdvYnhmZ3lkZG5Sd2xmcXdodnV3cHRkdnpsdG1uYXNoemNobGVqeXNydGlka3RweWxkc2pmeXh2eXhhcGt5Z21iZnBwR2luYWVycHdyWWx2eHlmeHZhU3JmbXNuZ2tBYnl2bGJzZmt1bnN0cmF6a2Jqc2Z0WndscXlIdW5zdHV0dWdnbG15eWhpeHV2eGplb0F6YWFqc2xheHp2dnNJdXlrZnpjZXRpa2JvdmtkaXlobHNrcXFxb2lkZ3RyZ3dndnZhYWZwc3N3ZWlpbnRycmF2a25pTnFlaHFjbm9WbGtwSmZxeUFrcXh5Y2pvZmFscHBxYWlvb3NzYm1jbmJlVGVvZGFla2Fud3V3c2R6ZXZpenFpbU1qZ3JnaXZ4ZGdpeHNseGhLaHpjbnZ2YWJha2ptY2tveXl5dW5waW9lamJjZXV4S3ZhaHpyenNEeWNDeGRmYnl1c2dCc2R6a3Nyb2l2dHJyYXVnd2ZkY2NjaXplaWpidnVnbHNrZ3VpZ0RzeXBtZ2NKYmRweGluYmp3dGlibWpuanl4dG93d3Z5cGRmeXR5ZHFnZ3hxanZuemlteWZseGl1amtrZnlxcnZsZWFIYWRpendsd3RXaXBhcmd1anZqYmFrenhzYXRqZXFiZ2NkdXdqanh3dW12aGtMbm1kd3dvanV1bGNzcHJtYmprbHdyYVJocmZ6cmV4ZmJsb2hmemJ4cmlsZ3Z2eGR5eWdsdGVnZ3R5Z2hubHJnWW9tWW93YXJmbHFRY3N4bG5zaXdtZ3lwbndTZ3hlemV2dk54dGRxd3d4ZHh1bFpvd253Y3VndmZzYWZveWt2c2R3dHRyeGJsdW16c2VscnpsYm1wZ29xeWh6aGNycHBqYXBob2JidW5ncnV3aER5aVZpY3ZlZGxrc2d4Ynp0ZE92ZGF5bXlkclV3enV3aHFrdnlpemdobnhzdHNxZ0Z4YWVuaHhtbUlrZmpmZWJ0ZWVxYU1keWh2cG53dnpxZ3NjcmlzeGdza3NkeUVpbmdXcXNkem56bnh4bmN5cXlvZnlic3pxbHJvbG93aGJmdm9xYndpZXJpa3lsZ2Jtb2JpbHl4a2llbXhkbHNydGl3VnRvcHdwbXZra3RtUndwbmN3YWtpbWdwaWV4d2Vya3Rhem1jb2VwY2Zsc2xyZ3pkdnFzb293aXZyTmRmZmhsdHJrdHRxZXB2c3Z6cHZlcHdyamtqZm5mYmV6Z2J0bHNvZ3VoZEhza2x1ZmR3c2V1eWV4ZWZidnZQckludWNscXBpd2NjeWZxZ2FtZXhyaXVlc3ZnZGJ4bnJuZ2h0VWpsd2J2eW5idXJrbHFsbGJpa3pvcXdkdnZnaWJxanpqY3FhY2Njc2hicmZrT3hzaHNscWJ3c2Z3dUl5dm1qcGVVamxweW9zS2hzbUt5Z29pYnFnWGVoeWxhYXVkcnZsZG54ZWZTb2dwcHpvZGlkcUhPcGt4bmtmY3NrcWVqcmhzaXh5emtxR3FwenJtcUNtbHpyZGx4d3Nybndrc2JvcUJjdGZwanlvSWlkcWFmZ29zaXN6aGlkbWVzeGJ0bWdwZm5qZGdnaHBuZGpqWXJycXpkbHRoa2xzcW10emhsdHh5dnh1emp0a2VveXZkeW9yeHZjbW1qRWlkeml1ZGhpbnNBYnZpZXNycnF5b3NyaGlkYnlsbmFmZHBqeG55Z2drdGNobHhienNrS2JDbGlvYXpzdndkanN1dHJ2QWJ6dndlTGNhanJzcWlibXJtaWNubWZmeXZwaGlRc2NocExnWm9hd2Rhanp6aGhpaG9ReXpmZm9za01kamJzbGhmcXRlcWVrd25tcGpidnB5YmhzbHFjcXRjYWVkY3dlZG5udUpvaXBwc2lrdnFvZnNYdWFpa212ZWRvZWxrY2hzZ2ZmcmV6Z1dpamFxcGpucnNZa2VtcHlmbmd6dHd3WXNmY3dkaXpnZXZiZmJ1bWV6dGNtaW9lZXJrenVvZ3BxdHBmZmhxeXl4d3hvZGNhanZidmZ5TGt4dHVpbXlvdGpucHRhbnlsbXVrbnhibG9wYW51dndhd3hndURjdGZkZmh5aHhremdveWR1a2ZkQWZmdnN4TmR0eWxhZGRyeWFmdGxybGVxZXpycnprbHBqZ2ppY3ZiY1d1dWloc3F5cHdnYmZ3YnZha3ZjcnRwamllY2ZsaHZnZXNydmZmZnV6eWtkcWh5b2luaWd4d3dpZnFieHBxZmV3ZGV6d29sZXlqaGRpdHV4cXZ5Ymd0eHR6Z0FtdnVzdGl0b2dqa2N6bmRyUEt5dWVla2hpbXhtZXJHd3FteG1qZGN3eGd3ZHp2dnlvY2RkYW5va2dudW90c3FuVHFmenVndXl5ZWZkeGRlYW9kaWJUamhlbWZjdXZzc2thc2d5ZmZ1b3p0dXNSaGpjc3Ztb3NuY0VxbXVyd2pzZGpuY251cXdiZEVla3NsbHVwaHhtSHdhdW5sYWZ6aW5FbHFrcnJHZnRhY2J4YW9uem5jdG9rcHpyZHZleW9NZWpuc3luZVBoZGp4Zmh1dXVlakV4ZHJhZGV4eWZhbnZ1empoZ29ibHB0cXV0aXhna3VmeGtiZXBod2NpbXF2em53YW9oZHhldGtwbXZpcmxxdmpoZGJvdWRzaG1DenB1eWx6b0l2anZ5Rml6ZnVqanpma3JvYmhzcGJzeGxxamlxeXVrYXFzZm15d3JzZWZobGRhaXNwbHZjaXVkanBwa3dqaXZmbXFlZGdSenF1ZkNqcmdmdWl3eWtyZXZyd2hja21mYXpua3ppcXZkelR4aXVSenZzYnV4ZnBjdXVsbGltem54Z3BjamV5amR6eFlsb2VKcmppZ2R2bHN6eXRrcA==;true;false;UG90dGxrZw==;10235.0;19671117000000;3909.0;4804.0;67098.0;642714.0;300861.0;221906.0;778515.0;<!NULL!>
